contest_name,choice,votes
17th Judicial District Ballot Question 7B,No/Against,142021
17th Judicial District Ballot Question 7B,Yes/For,104472
Adams 12 Five Star Schools Ballot Issue 5D,No/Against,59440
Adams 12 Five Star Schools Ballot Issue 5D,Yes/For,46818
Adams 12 Five Star Schools Ballot Issue 5E,Yes/For,57572
Adams 12 Five Star Schools Ballot Issue 5E,No/Against,47091
Adams-Arapahoe School District 28J Ballot Issue 5A,Yes/For,49304
Adams-Arapahoe School District 28J Ballot Issue 5A,No/Against,26635
Adams-Arapahoe School District 28J Ballot Issue 5B,Yes/For,57602
Adams-Arapahoe School District 28J Ballot Issue 5B,No/Against,18495
Adams County Ballot Issue 1A,No/Against,150156
Adams County Ballot Issue 1A,Yes/For,64560
Adams County Commissioner - District 1,Julie Duran Mullica,114018
Adams County Commissioner - District 1,Shelly McClure,100933
Adams County Commissioner - District 2,Kathy Henson,117172
Adams County Commissioner - District 2,Bernadette Tedesco,72846
Adams County Commissioner - District 5,Lynn Baca,114772
Adams County Commissioner - District 5,Jim Wood,97011
Adams County Court Judge - Dinnel,Yes,120627
Adams County Court Judge - Dinnel,No,59827
Adams County Court Judge - Flaum,Yes,113935
Adams County Court Judge - Flaum,No,65987
Adams County Court Judge - Ivey,Yes,114668
Adams County Court Judge - Ivey,No,65322
Adams County Court Judge - Jean,Yes,117140
Adams County Court Judge - Jean,No,62664
Adams County Court Judge - Kirby,Yes,120118
Adams County Court Judge - Kirby,No,59916
Adams County Court Judge - Nowak,Yes,117178
Adams County Court Judge - Nowak,No,61435
Adams County School District 14 Ballot Issue 4A,Yes/For,4923
Adams County School District 14 Ballot Issue 4A,No/Against,4682
Adams County School District 14 Ballot Issue 4B,Yes/For,4747
Adams County School District 14 Ballot Issue 4B,No/Against,4638
Affordable Housing 0.5% Sales Tax Increase,No/Against,7897
Affordable Housing 0.5% Sales Tax Increase,Yes/For,5037
Alamosa County Commissioner - District 1,Lori Laske,4530
Alamosa County Commissioner - District 1,Richard P. Needham,2773
Alamosa County Commissioner - District 3,Vern Heersink,5243
Alamosa School District RE-11J Ballot Issue 5A,No/Against,3328
Alamosa School District RE-11J Ballot Issue 5A,Yes/For,2997
Amendment 79 (CONSTITUTIONAL),Yes/For,1920589
Amendment 79 (CONSTITUTIONAL),No/Against,1178869
Amendment 80 (CONSTITUTIONAL),No/Against,1546531
Amendment 80 (CONSTITUTIONAL),Yes/For,1504484
Amendment 80 (CONSTITUTIONAL) - Rio Blanco,Yes/For,2013
Amendment 80 (CONSTITUTIONAL) - Rio Blanco,No/Against,1539
Amendment G (CONSTITUTIONAL),Yes/For,2211000
Amendment G (CONSTITUTIONAL),No/Against,812326
Amendment H (CONSTITUTIONAL),Yes/For,2149854
Amendment H (CONSTITUTIONAL),No/Against,793341
Amendment I (CONSTITUTIONAL),Yes/For,2057195
Amendment I (CONSTITUTIONAL),No/Against,953197
Amendment J (CONSTITUTIONAL),Yes/For,1981164
Amendment J (CONSTITUTIONAL),No/Against,1098858
Amendment K (CONSTITUTIONAL),No/Against,1590696
Amendment K (CONSTITUTIONAL),Yes/For,1293263
Approval of Multiple Year Financial Obligation with Gilpin County,Yes/For,47
Approval of Multiple Year Financial Obligation with Gilpin County,No/Against,15
Arapahoe County Ballot Issue 1A,Yes/For,214851
Arapahoe County Ballot Issue 1A,No/Against,87184
Arapahoe County Commissioner - District 1,Carrie Warren-Gully,41347
Arapahoe County Commissioner - District 1,Tyler Linnebur,29886
Arapahoe County Commissioner - District 1,Joshua Lallement,2572
Arapahoe County Commissioner - District 3,Jeff Baker,33417
Arapahoe County Commissioner - District 3,Scott Brown,31661
Arapahoe County Commissioner - District 5,Rhonda Fields,26255
Arapahoe County Commissioner - District 5,Eliseo Gonzalez,11987
Arapahoe County Court - Hernandez,Yes,171595
Arapahoe County Court - Hernandez,No,76478
Arapahoe County Court - Williford,Yes,171386
Arapahoe County Court - Williford,No,73598
Archuleta County Commissioner - District 1,Warren M. Brown,4657
Archuleta County Commissioner - District 1,Wayne Hooper,2779
Archuleta County Commissioner - District 1,Ken Bowles,1001
Archuleta County Commissioner - District 2,John Ranson,6614
Archuleta County Coroner,Brad Hunt,6620
Arvada Fire Protection District Ballot Question 6A,Yes/For,5090
Arvada Fire Protection District Ballot Question 6A,No/Against,1533
Ault Fire Protection District Ballot Issue 6A,Yes/For,1789
Ault Fire Protection District Ballot Issue 6A,No/Against,1203
Ault Fire Protection District Ballot Issue 6B,No/Against,1759
Ault Fire Protection District Ballot Issue 6B,Yes/For,1231
Baca County Commissioner - District 1,Race Chenoweth,1706
Baca County Commissioner - District 3,Troy Devlin Bishop,1670
Baca County Coroner,Everett Brisendine,1694
Baca County Court Judge - Lishchuk,Yes,869
Baca County Court Judge - Lishchuk,No,839
Bannock Ballot Issue 6A,Yes,14
Bannock Ballot Issue 6A,No,9
Bent County Commissioner-District 1,Jennifer Scofield,1331
Bent County Commissioner-District 1,Bill Long,794
Bent County Commissioner-District 3,Phil Hemphill,1479
Bent County Court - Clark,Yes,1355
Bent County Court - Clark,No,607
BNC Metropolitan District No 2 Ballot Issue 6N,No/Against,255
BNC Metropolitan District No 2 Ballot Issue 6N,Yes/For,126
BNC Metropolitan District No 2 Ballot Question 6M,Yes/For,233
BNC Metropolitan District No 2 Ballot Question 6M,No/Against,142
Boulder County Commissioner - District 1,Claire Levy,143106
Boulder County Commissioner - District 1,Raphael Minot,360
Boulder County Commissioner - District 2,Marta Loachamin,135242
Boulder County Commissioner - District 2,"Donald ""Don"" Lewis",43727
Boulder County Coroner,Jeff Martin,137462
Boulder County Court - Martin,Yes,109134
Boulder County Court - Martin,No,26342
Broomfield Ballot Question 2A,Yes/For,23524
Broomfield Ballot Question 2A,No/Against,15285
Broomfield Ballot Question 2B,Yes/For,29802
Broomfield Ballot Question 2B,No/Against,12063
Broomfield Ballot Question 2C,Yes/For,20053
Broomfield Ballot Question 2C,No/Against,19589
Broomfield Ballot Question 2D,Yes/For,25634
Broomfield Ballot Question 2D,No/Against,14943
Broomfield Ballot Question 2E,Yes/For,23961
Broomfield Ballot Question 2E,No/Against,13968
Broomfield Ballot Question 2F,Yes/For,27996
Broomfield Ballot Question 2F,No/Against,10740
Broomfield Ballot Question 2G,No/Against,24207
Broomfield Ballot Question 2G,Yes/For,17427
Broomfield County Court - DeWick,Yes,27611
Broomfield County Court - DeWick,No,8332
BRUSH RURAL FIRE PROTECTION DISTRICT BALLOT ISSUE 7A,No/Against,566
BRUSH RURAL FIRE PROTECTION DISTRICT BALLOT ISSUE 7A,Yes/For,462
Byers School District No. 32J Ballot Issue 5C,No/Against,885
Byers School District No. 32J Ballot Issue 5C,Yes/For,639
Calhan School District No. RJ1 Ballot Question 5B,No/Against,1410
Calhan School District No. RJ1 Ballot Question 5B,Yes/For,516
Calhan School District RJ1 Question 5B,No/Against,87
Calhan School District RJ1 Question 5B,Yes/For,26
CANON CITY AREA METROPOLITAN RECREATION AND PARK DISTRICT ISSUE #6A OPERATING MILL LEVY,No/Against,7615
CANON CITY AREA METROPOLITAN RECREATION AND PARK DISTRICT ISSUE #6A OPERATING MILL LEVY,Yes/For,7073
CANON CITY AREA METROPOLITAN RECREATION AND PARK DISTRICT ISSUE #6B POOL DEBT FINANCING,Yes/For,7392
CANON CITY AREA METROPOLITAN RECREATION AND PARK DISTRICT ISSUE #6B POOL DEBT FINANCING,No/Against,7303
Carbon Valley Parks and Recreation District Ballot Issue 6C,No/Against,12775
Carbon Valley Parks and Recreation District Ballot Issue 6C,Yes/For,8749
Chaffee County Commissioner - District 1,Gina Lucrezi,7512
Chaffee County Commissioner - District 1,Norm Nyberg,5644
Chaffee County Commissioner - District 1,Beth Mason,839
Chaffee County Commissioner - District 2,Dave Armstrong,7540
Chaffee County Commissioner - District 2,Tom McCracken,6320
Chaffee County Court - Bull,Yes,8339
Chaffee County Court - Bull,No,2906
Cherry Creek School District No. 5 Ballot Issue 4A,Yes/For,89979
Cherry Creek School District No. 5 Ballot Issue 4A,No/Against,68555
Cherry Creek School District No. 5 Ballot Issue 4B,Yes/For,87478
Cherry Creek School District No. 5 Ballot Issue 4B,No/Against,70078
Cheyenne County Commissioner - District 1,R.J. Jolly,915
Cheyenne County Commissioner - District 3,Rick Pelton,897
Cheyenne County Coroner,Trent J. Davis,923
Cimarron Hills Fire Protection District Ballot Issue 6A,No/Against,3645
Cimarron Hills Fire Protection District Ballot Issue 6A,Yes/For,3114
City Council Member,Shawn Dalton,652
City Council Member,Ashley Sullivan,584
City Council Member,Beau Deen Waln,499
City Council Member,Melvin Gene Bittner,383
City Council Member,Gary B. Herr,267
City of Alamosa Ballot Issue 2A,No/Against,1970
City of Alamosa Ballot Issue 2A,Yes/For,1594
City of Alamosa Ballot Issue 2B,No/Against,2004
City of Alamosa Ballot Issue 2B,Yes/For,1580
City of Aspen Ballot Issue 2A: Extension of Real Estate Transfer Tax,Yes/For,2647
City of Aspen Ballot Issue 2A: Extension of Real Estate Transfer Tax,No/Against,1366
City of Aspen Ballot Issue 2B: Extension of Existing 0.45% Sales Tax Affordable Housing and Day Care,Yes/For,2964
City of Aspen Ballot Issue 2B: Extension of Existing 0.45% Sales Tax Affordable Housing and Day Care,No/Against,1150
City of Aspen Ballot Issue 2C: Imposition of a Use Tax on Motor Vehicles,Yes/For,3459
City of Aspen Ballot Issue 2C: Imposition of a Use Tax on Motor Vehicles,No/Against,593
City of Aurora Question 3A,Yes/For,86145
City of Aurora Question 3A,No/Against,65254
City of Boulder Ballot Question 2C,Yes/For,27634
City of Boulder Ballot Question 2C,No/Against,18734
City of Boulder Ballot Question 2D,Yes/For,25041
City of Boulder Ballot Question 2D,No/Against,18656
City of Boulder Ballot Question 2E,No/Against,21521
City of Boulder Ballot Question 2E,Yes/For,21457
CITY OF CANON CITY ISSUE #2A SALES AND USE TAX INCREASE FOR COMMUNITY POOL,Yes/For,4706
CITY OF CANON CITY ISSUE #2A SALES AND USE TAX INCREASE FOR COMMUNITY POOL,No/Against,4095
City of Central Alderman/City Council,Chuck Spencer,252
City of Central Alderman/City Council,Zane Plsek,211
City of Central Alderman/City Council,Dennis Denson,139
City of Cherry Hills Village Ballot Question 2A,No/Against,2109
City of Cherry Hills Village Ballot Question 2A,Yes/For,1791
City of Cherry Hills Village Ballot Question 300,No/Against,3199
City of Cherry Hills Village Ballot Question 300,Yes/For,855
City of Cherry Hills Village Balot Question 2B,No/Against,3234
City of Cherry Hills Village Balot Question 2B,Yes/For,621
City of Cherry Hills Village Councilmember District 1,Doug Robinson,2838
City of Cherry Hills Village Councilmember District 3,David Heller,2731
City of Cherry Hills Village Councilmember District 5,Karen Fisher,2718
City of Cherry Hills Village Mayor,Katy Brown,3032
City of Colorado Springs Ballot Issue 2C,Yes/For,173911
City of Colorado Springs Ballot Issue 2C,No/Against,62463
City of Colorado Springs Ballot Question 2D,No/Against,121707
City of Colorado Springs Ballot Question 2D,Yes/For,118972
City of Colorado Springs Ballot Question 300,Yes/For,130671
City of Colorado Springs Ballot Question 300,No/Against,108300
City of Craig Ballot Question 2A,Yes/For,2356
City of Craig Ballot Question 2A,No/Against,1283
City of Dacono Ballot Question 2G,Yes/For,1667
City of Dacono Ballot Question 2G,No/Against,1045
City of Dacono Ballot Question 2H,No/Against,1688
City of Dacono Ballot Question 2H,Yes/For,1184
City of Dacono Ballot Question 2I,No/Against,1423
City of Dacono Ballot Question 2I,Yes/For,1277
City of Dacono Ballot Question 2J,Yes/For,2223
City of Dacono Ballot Question 2J,No/Against,639
City of Dacono Council Members,Michelle Rogers,1663
City of Dacono Council Members,Jeff Stainbrook,1227
City of Dacono Mayor,Adam Morehead,1940
City of Dacono Mayor,Daniel J. Spagnuolo,740
City of Englewood Ballot Issue 2C,Yes/For,8637
City of Englewood Ballot Issue 2C,No/Against,8365
City of Englewood Ballot Question 301,Yes/For,13481
City of Englewood Ballot Question 301,No/Against,2902
City of Englewood Ballot Question  302,Yes/For,10879
City of Englewood Ballot Question  302,No/Against,5067
City of Evans Mayor,Mark C. Clark,4446
City of Evans Mayor,"Alicia ""Ally"" Johnson",2868
City of Evans Ward 1 Council Member,Kyle Fehr,1062
City of Evans Ward 2 Council Member,Jeffrey M. Crabtree,1421
City of Evans Ward 3 Council Member,Christopher Delaney,1957
City of Fort Collins Ballot Issue 2A,Yes/For,69959
City of Fort Collins Ballot Issue 2A,No/Against,19801
City of Fort Collins Ballot Question 2B,Yes/For,56243
City of Fort Collins Ballot Question 2B,No/Against,29334
City of Fort Collins Ballot Question 2C,Yes/For,52887
City of Fort Collins Ballot Question 2C,No/Against,29174
City of Fort Collins Ballot Question 2D,Yes/For,52762
City of Fort Collins Ballot Question 2D,No/Against,28869
City of Fort Lupton Ballot Issue 2B,No/Against,2470
City of Fort Lupton Ballot Issue 2B,Yes/For,1631
City of Fort Lupton Ballot Issue 2D,No/Against,2367
City of Fort Lupton Ballot Issue 2D,Yes/For,1713
City of Fort Lupton Ballot Question 2C,Yes/For,3073
City of Fort Lupton Ballot Question 2C,No/Against,1004
City of Fort Lupton Ballot Question 2E,Yes/For,2249
City of Fort Lupton Ballot Question 2E,No/Against,1844
City of Fort Morgan Ballot Question 2A,Yes/For,3244
City of Fort Morgan Ballot Question 2A,No/Against,552
City of Greeley Ballot Issue 2L,Yes/For,26771
City of Greeley Ballot Issue 2L,No/Against,15697
City of Greeley Ballot Issue 2M,Yes/For,28147
City of Greeley Ballot Issue 2M,No/Against,13966
City of Greeley Ballot Question 2N,Yes/For,24551
City of Greeley Ballot Question 2N,No/Against,15682
City of Greeley Ballot Question 2O,Yes/For,23004
City of Greeley Ballot Question 2O,No/Against,16692
City of Holyoke Mayor,Kevin Scott,581
City of Holyoke Mayor,Steven Lee Brown,320
City of Idaho Springs Ballot Question 2A,Yes/For,546
City of Idaho Springs Ballot Question 2A,No/Against,299
City of Lafayette Ballot Question 2A,Yes/For,9758
City of Lafayette Ballot Question 2A,No/Against,6015
City of Lakewood Ballot Issue 2A,Yes/For,51363
City of Lakewood Ballot Issue 2A,No/Against,31685
City of Leadville Ballot Issue 2B,Yes/For,795
City of Leadville Ballot Issue 2B,No/Against,712
City of Leadville Ballot Question 2A,Yes/For,855
City of Leadville Ballot Question 2A,No/Against,618
City of Littleton Ballot Issue 3B,Yes/For,13400
City of Littleton Ballot Issue 3B,No/Against,13019
City of Longmont Ballot Issue 3A,Yes/For,39778
City of Longmont Ballot Issue 3A,No/Against,13612
City of Louisville City Council Ward 1,Josh Cooperman,1752
City of Louisville City Council Ward 1,Joshua Sroge,1733
City of Loveland Ballot Issue 2E,No/Against,32599
City of Loveland Ballot Issue 2E,Yes/For,14579
City of Loveland Ballot Issue 2F,Yes/For,31253
City of Loveland Ballot Issue 2F,No/Against,16495
City of Loveland Ballot Issue 2G,Yes/For,29552
City of Loveland Ballot Issue 2G,No/Against,17822
City of Loveland Ballot Question 2H,Yes/For,28734
City of Loveland Ballot Question 2H,No/Against,18481
City of Loveland Ballot Question 2I,No/Against,26538
City of Loveland Ballot Question 2I,Yes/For,17532
City of Loveland Ballot Question 2J,No/Against,26605
City of Loveland Ballot Question 2J,Yes/For,17482
City of Montrose Ballot Issue 2A,Yes/For,5940
City of Montrose Ballot Issue 2A,No/Against,5698
City of Pueblo Ballot Question 2A - Charter Amendment - Municipal Court Maximum Fines,Yes,23291
City of Pueblo Ballot Question 2A - Charter Amendment - Municipal Court Maximum Fines,No,22092
City of Pueblo Ballot Question 2B - Charter Amendment - Modernize Terms & Technology,No,22381
City of Pueblo Ballot Question 2B - Charter Amendment - Modernize Terms & Technology,Yes,22199
City of Pueblo Ballot Question 2C - Charter Amendment - Greater Election Coordination,Yes,23676
City of Pueblo Ballot Question 2C - Charter Amendment - Greater Election Coordination,No,21661
City of Pueblo Ballot Question 2D - Charter Amendment - Municipal Election Provisions,No,25270
City of Pueblo Ballot Question 2D - Charter Amendment - Municipal Election Provisions,Yes,19434
City of Sterling Referred Ballot Issue 2T,Yes/For,2447
City of Sterling Referred Ballot Issue 2T,No/Against,2301
City of Thornton Question 2A,Yes/For,45995
City of Thornton Question 2A,No/Against,14609
CITY OF TRINIDAD BALLOT ISSUE 2A,Yes/For,2222
CITY OF TRINIDAD BALLOT ISSUE 2A,No/Against,1577
City of Walsenburg Ballot Question 300 - Walsenburg Trash Initiative,No/Against,1026
City of Walsenburg Ballot Question 300 - Walsenburg Trash Initiative,Yes/For,508
City of Westminster Ballot Issue 3C,No/Against,29818
City of Westminster Ballot Issue 3C,Yes/For,26237
City of Westminster Ballot Question 3D,No/Against,29737
City of Westminster Ballot Question 3D,Yes/For,24828
City of Wheat Ridge Ballot Question 2B,Yes/For,13651
City of Wheat Ridge Ballot Question 2B,No/Against,3781
City of Wheat Ridge Ballot Question 2C,Yes/For,12175
City of Wheat Ridge Ballot Question 2C,No/Against,5977
City of Woodland Park Ballot Question 2A,No/Against,2921
City of Woodland Park Ballot Question 2A,Yes/For,2143
City of Yuma Ballot Issue 2A - Levying a Lodging Tax in the City of Yuma,No/Against,617
City of Yuma Ballot Issue 2A - Levying a Lodging Tax in the City of Yuma,Yes/For,566
CLEAR CREEK COUNTY BALLOT ISSUE 1A,Yes/For,4551
CLEAR CREEK COUNTY BALLOT ISSUE 1A,No/Against,1121
Clear Creek County Commissioner - District 2,Rebecca Lloyd,3217
Clear Creek County Commissioner - District 2,Eric Ginter,2554
Clear Creek County Commissioner - District 3,Jodie S. Hartman-Ball,2887
Clear Creek County Commissioner - District 3,Robert J. Smith,2246
Clear Creek County Commissioner - District 3,Tom Harvey,665
Clear Creek County Court - Jones,Yes/For,3438
Clear Creek County Court - Jones,No/Against,1292
CLEAR CREEK COUNTY LIBRARY DISTRICT BALLOT ISSUE 6A,Yes/For,3867
CLEAR CREEK COUNTY LIBRARY DISTRICT BALLOT ISSUE 6A,No/Against,1961
Clear Creek County Sheriff,Matthew D. Harris,3840
Colorado Court of Appeals Judge - Dunn,Yes,1673500
Colorado Court of Appeals Judge - Dunn,No,765935
Colorado Court of Appeals Judge - Jones,Yes,1459753
Colorado Court of Appeals Judge - Jones,No,955848
Colorado Court of Appeals Judge - Kuhn,Yes,1621734
Colorado Court of Appeals Judge - Kuhn,No,795105
Colorado Court of Appeals Judge - Roman,Yes,1623890
Colorado Court of Appeals Judge - Roman,No,787389
Colorado Court of Appeals Judge - Schutz,Yes,1558038
Colorado Court of Appeals Judge - Schutz,No,845805
Colorado Supreme Court Justice - Berkenkotter,Yes,1684601
Colorado Supreme Court Justice - Berkenkotter,No,837317
Colorado Supreme Court Justice - Boatright,Yes,1570897
Colorado Supreme Court Justice - Boatright,No,929921
Colorado Supreme Court Justice - Marquez,Yes,1612927
Colorado Supreme Court Justice - Marquez,No,904900
Conejos County Commissioner District 1,Delfino Garcia,2154
Conejos County Commissioner District 1,Erwin Romero,1491
Conejos County Commissioner District 1,Sharleen Farmer ,419
Conejos County Commissioner District 3,Joseph Baroz,2206
Conejos County Commissioner District 3,Justin Rogers,1788
Conejos County Court - Kelly,Yes,2756
Conejos County Court - Kelly,No,935
Cortez Fire Protection District Ballot Issue 6-A,Yes/For,4021
Cortez Fire Protection District Ballot Issue 6-A,No/Against,3367
Costilla County Commissioner District 1,Robert Espinoza,1257
Costilla County Commissioner District 1,Brandy Napier,778
Costilla County Commissioner District 3,Steven Romero,1162
Costilla County Commissioner District 3,Augustine Roy Esquibel,822
Councilmember,Laura Hefta,14356
Councilmember,Todd Hendreks,14295
Councilmember,John Diak,11596
Councilmember,Mike Drennan,10635
Councilmember,Tim Lynott,9897
Councilmember,Brian Carruthers,8558
Councilmember,Abdulla Zubair,4953
County Commissioner - District 2,Perry Will,15731
County Commissioner - District 2,Caitlin Carey,13788
County Commissioner - District 3,Mike Samson,15000
County Commissioner - District 3,Steven Arauza,14228
County Court Judge - Cheyenne,Yes/For,704
County Court Judge - Cheyenne,No/Against,274
County Court Judge - Denver Blackett,Yes,189225
County Court Judge - Denver Blackett,No,56948
County Court Judge - Denver Cherry,Yes,191999
County Court Judge - Denver Cherry,No,53953
County Court Judge - Denver Faragher,Yes,191001
County Court Judge - Denver Faragher,No,54973
County Court Judge - Denver Goble,Yes,189942
County Court Judge - Denver Goble,No,55843
County Court Judge - Denver Pallares,Yes,188800
County Court Judge - Denver Pallares,No,57584
County Court Judge - Denver Rodarte,Yes,190391
County Court Judge - Denver Rodarte,No,55719
County Court Judge - Denver Rudolph,Yes,183680
County Court Judge - Denver Rudolph,No,61758
County Court Judge - Denver Schwartz,Yes,187023
County Court Judge - Denver Schwartz,No,58283
County Court Judge - Denver Simonet,Yes,191018
County Court Judge - Denver Simonet,No,54334
County Court Judge - Denver Spahn,Yes,191542
County Court Judge - Denver Spahn,No,54219
County Court Judge - Gunnison,Yes,6471
County Court Judge - Gunnison,No,1854
County Court Judge - Routt,Yes,9335
County Court Judge - Routt,No,2916
Crawford Water Conservancy District Ballot Issue 7B,Yes/For,668
Crawford Water Conservancy District Ballot Issue 7B,No/Against,182
Crowley County Commissioner - District 2,Vicki Powell,1389
Crowley County Commissioner - District 3,Terry McMillian,1317
Crowley County Commissioner - District 3,Richard Medina,350
Crystal Lakes Fire Protection District Ballot Issue 6F,Yes/For,999
Crystal Lakes Fire Protection District Ballot Issue 6F,No/Against,185
Custer County Board of County Commissioners - District 2,Paul Raymond Vogelsong,2068
Custer County Board of County Commissioners - District 2,Kevin V. Day,1217
Custer County Board of County Commissioners - District 2,Lynn Attebery,379
Custer County Board of County Commissioners - District 3,Lucas Epp,2483
Custer County Board of County Commissioners - District 3,Jordan Hedberg,1247
Delta County Commissioner - District 2,Craig Fuller,14213
Delta County Commissioner - District 3,Wendell A. Koontz,11762
Delta County Commissioner - District 3,Niko Woolf,6283
Delta County Court - Zeerip,Yes/For,8839
Delta County Court - Zeerip,No/Against,7019
Denver Ballot Issue 2Q,Yes/For,187976
Denver Ballot Issue 2Q,No/Against,149573
Denver Ballot Issue 2R,No/Against,170469
Denver Ballot Issue 2R,Yes/For,166763
Denver Downtown Development Authority Ballot Issue 6A,Yes/For,1161
Denver Downtown Development Authority Ballot Issue 6A,No/Against,338
Denver Initiated Ordinance 308,No/Against,191898
Denver Initiated Ordinance 308,Yes/For,141357
Denver Initiated Ordinance 309,No/Against,211655
Denver Initiated Ordinance 309,Yes/For,120342
Denver Public Schools Ballot Issue 4A,Yes/For,254078
Denver Public Schools Ballot Issue 4A,No/Against,84332
Denver Referred Question 2S,Yes/For,206032
Denver Referred Question 2S,No/Against,108944
Denver Referred Question 2T,Yes/For,168037
Denver Referred Question 2T,No/Against,163458
Denver Referred Question 2U,Yes/For,200935
Denver Referred Question 2U,No/Against,108876
Denver Referred Question 2V,Yes/For,197669
Denver Referred Question 2V,No/Against,103383
Denver Referred Question 2W,Yes/For,190734
Denver Referred Question 2W,No/Against,122067
District Attorney - 10th Judicial District,Kala Beauvais,45957
District Attorney - 10th Judicial District,Kyle S. Aber,35773
District Attorney - 11th Judicial District,Jeffrey D. Lindsey,38310
District Attorney - 12th Judicial District,Anne Kelly,16338
District Attorney - 13th Judicial District,Travis Sides,29913
District Attorney - 14th Judicial District,Matthew Karzen,18830
District Attorney - 15th Judicial District,Andrew J. Hayden,6932
District Attorney - 16th Judicial District,James R. Bullock,9477
District Attorney - 17th Judicial District,Brian Mason,168860
District Attorney - 18th Judicial District,Amy Padden,175078
District Attorney - 18th Judicial District,Carol Chambers,128368
District Attorney - 19th Judicial District,Michael J. Rourke,123912
District Attorney - 1st Judicial District,Alexis King,231172
District Attorney - 20th Judicial District,Michael T. Dougherty,145758
District Attorney - 21st Judicial District,Dan Rubinstein,68057
District Attorney - 22nd Judicial District,Jeremy E. Reed,10436
District Attorney - 22nd Judicial District,Christian A. Hatfield,5131
District Attorney - 23rd Judicial District,George Brauchler,154459
District Attorney - 23rd Judicial District,Karen Breslin,95222
District Attorney - 2nd Judicial District ,John Walsh,265110
District Attorney - 3rd Judicial District,Nicholas J. Dale,6508
District Attorney - 4th Judicial District,Michael J. Allen,228027
District Attorney - 4th Judicial District,Jeremy Dowell,144078
District Attorney - 5th Judicial District,Heidi McCollum,34386
District Attorney - 6th Judicial District,Sean Murray,26717
District Attorney - 7th Judicial District,Seth Ryan,41216
District Attorney - 8th Judicial District,Gordon McLaughlin,100879
District Attorney - 8th Judicial District,Dawn Lynn Downs,98574
District Attorney - 9th Judicial District,Ben Sollars,26281
District Court Judge - 10th Judicial District - O'Shea,Yes,46030
District Court Judge - 10th Judicial District - O'Shea,No,28379
District Court Judge - 11th Judicial District - Turner,Yes,25239
District Court Judge - 11th Judicial District - Turner,No,19197
District Court Judge - 12th Judicial District - Cortez,Yes,14039
District Court Judge - 12th Judicial District - Cortez,No,6025
District Court Judge - 13th Judicial District - Haenlein,Yes,17407
District Court Judge - 13th Judicial District - Haenlein,No,13301
District Court Judge - 13th Judicial District - James,Yes,17403
District Court Judge - 13th Judicial District - James,No,13400
District Court Judge - 13th Judicial District - McGuire,Yes,18720
District Court Judge - 13th Judicial District - McGuire,No,12513
District Court Judge - 15th Judicial District - Davidson,Yes,4989
District Court Judge - 15th Judicial District - Davidson,No,2601
District Court Judge - 16th Judicial District - Vigil,Yes,7866
District Court Judge - 16th Judicial District - Vigil,No,3413
District Court Judge - 17th Judicial District - Holbrook,Yes,141652
District Court Judge - 17th Judicial District - Holbrook,No,73957
District Court Judge - 17th Judicial District - Martin,Yes,136026
District Court Judge - 17th Judicial District - Martin,No,78457
District Court Judge - 17th Judicial District - Vasquez,Yes,142567
District Court Judge - 17th Judicial District - Vasquez,No,71716
District Court Judge - 18th Judicial District - Figa,Yes,285355
District Court Judge - 18th Judicial District - Figa,No,157893
District Court Judge - 18th Judicial District - Leutwyler,Yes,283225
District Court Judge - 18th Judicial District - Leutwyler,No,159241
District Court Judge - 18th Judicial District - Lung,Yes,295331
District Court Judge - 18th Judicial District - Lung,No,146548
District Court Judge - 18th Judicial District - McLean,Yes,305664
District Court Judge - 18th Judicial District - McLean,No,136968
District Court Judge - 18th Judicial District - Toussaint,Yes,292056
District Court Judge - 18th Judicial District - Toussaint,No,148338
District Court Judge - 18th Judicial District - Whitaker,Yes,297821
District Court Judge - 18th Judicial District - Whitaker,No,142667
District Court Judge - 18th Judicial District - Whitfield,Yes,250136
District Court Judge - 18th Judicial District - Whitfield,No,188374
District Court Judge - 19th Judicial District - Crowther,Yes,75911
District Court Judge - 19th Judicial District - Crowther,No,60300
District Court Judge - 19th Judicial District - Esser,Yes,85424
District Court Judge - 19th Judicial District - Esser,No,50985
District Court Judge - 19th Judicial District - Taylor,Yes,86297
District Court Judge - 19th Judicial District - Taylor,No,48910
District Court Judge - 1st Judicial District - Carrithers,Yes,179542
District Court Judge - 1st Judicial District - Carrithers,No,87478
District Court Judge - 1st Judicial District - Hunt,Yes,184360
District Court Judge - 1st Judicial District - Hunt,No,81907
District Court Judge - 20th Judicial District - Collins,Yes,107358
District Court Judge - 20th Judicial District - Collins,No,28108
District Court Judge - 20th Judicial District - Gunning,Yes,107688
District Court Judge - 20th Judicial District - Gunning,No,27008
District Court Judge - 20th Judicial District - Lindsey,Yes,106320
District Court Judge - 20th Judicial District - Lindsey,No,28731
District Court Judge - 20th Judicial District - Mulvahill,Yes,102903
District Court Judge - 20th Judicial District - Mulvahill,No,31518
District Court Judge - 22nd Judicial District - Plewe,Yes,9920
District Court Judge - 22nd Judicial District - Plewe,No,4081
District Court Judge - 2nd Judicial District Bailey,Yes,198081
District Court Judge - 2nd Judicial District Bailey,No,58188
District Court Judge - 2nd Judicial District Espinosa,Yes,197878
District Court Judge - 2nd Judicial District Espinosa,No,59093
District Court Judge - 2nd Judicial District Grant,Yes,191036
District Court Judge - 2nd Judicial District Grant,No,64001
District Court Judge - 2nd Judicial District Moses,Yes,199610
District Court Judge - 2nd Judicial District Moses,No,56737
District Court Judge - 2nd Judicial District Myers,Yes,196297
District Court Judge - 2nd Judicial District Myers,No,58341
District Court Judge - 2nd Judicial District Schutte,Yes,201313
District Court Judge - 2nd Judicial District Schutte,No,54238
District Court Judge - 2nd Judicial District Scoville,Yes,193166
District Court Judge - 2nd Judicial District Scoville,No,54958
District Court Judge - 2nd Judicial District Trujillo,Yes,194500
District Court Judge - 2nd Judicial District Trujillo,No,53180
District Court Judge - 4th Judicial District - Bentley,Yes,187128
District Court Judge - 4th Judicial District - Bentley,No,117716
District Court Judge - 4th Judicial District - Billings-Vela,Yes,185535
District Court Judge - 4th Judicial District - Billings-Vela,No,118434
District Court Judge - 4th Judicial District - Brady,Yes,194244
District Court Judge - 4th Judicial District - Brady,No,109374
District Court Judge - 4th Judicial District - Evig,Yes,183503
District Court Judge - 4th Judicial District - Evig,No,119652
District Court Judge - 4th Judicial District - Findorff,Yes,180190
District Court Judge - 4th Judicial District - Findorff,No,122798
District Court Judge - 4th Judicial District - May,Yes,189522
District Court Judge - 4th Judicial District - May,No,114029
District Court Judge - 4th Judicial District - Moller,Yes,186863
District Court Judge - 4th Judicial District - Moller,No,116258
District Court Judge - 4th Judicial District - Shakes,Yes,199699
District Court Judge - 4th Judicial District - Shakes,No,103741
District Court Judge - 5th Judicial District - Olguin-Fresquez,Yes,28226
District Court Judge - 5th Judicial District - Olguin-Fresquez,No,10225
District Court Judge - 6th Judicial District - Shropshire,Yes,23233
District Court Judge - 6th Judicial District - Shropshire,No,9551
District Court Judge - 7th Judicial District - Schultz,Yes,31522
District Court Judge - 7th Judicial District - Schultz,No,17955
District Court Judge - 7th Judicial District - Yoder,Yes,32194
District Court Judge - 7th Judicial District - Yoder,No,17611
District Court Judge - 8th Judicial District - Cure,Yes,115985
District Court Judge - 8th Judicial District - Cure,No,54483
District Court Judge - 8th Judicial District - Findley,Yes,115674
District Court Judge - 8th Judicial District - Findley,No,53795
District Court Judge - 9th Judicial District - Norrdin,Yes,25020
District Court Judge - 9th Judicial District - Norrdin,No,8901
Dolores County Commissioner District 2,Eric Stiasny,835
Dolores County Commissioner District 2,Steve Garchar,536
Dolores County Commissioner District 3,Phyllis Davis,934
Dolores County Commissioner District 3,Paula Stewart,418
Dolores School District RE-4A Ballot Issue 4-A,Yes/For,1766
Dolores School District RE-4A Ballot Issue 4-A,No/Against,824
Douglas County Commissioner - District 2,George Teal,129301
Douglas County Commissioner - District 2,Angela Thomas,99541
Douglas County Commissioner - District 3,Kevin Van Winkle,131287
Douglas County Commissioner - District 3,Josh Smith,96228
Douglas County Court - Waidler,Yes,123543
Douglas County Court - Waidler,No,56654
Douglas County School District RE-1 Ballot Issue 5A,Yes/For,139182
Douglas County School District RE-1 Ballot Issue 5A,No/Against,95089
Dove Creek Ambulance District Ballot Issue 6A,Yes/For,668
Dove Creek Ambulance District Ballot Issue 6A,No/Against,473
Durango School District 9-R Ballot Issue 4A,Yes/For,15220
Durango School District 9-R Ballot Issue 4A,No/Against,9598
Eagle County Commissioner - District 1,Matt Scherr,15261
Eagle County Commissioner - District 1,Gregg M. Cooper,10626
Eagle County Commissioner - District 2,Tom Boyd,17266
Eagle River Fire Protection District Ballot Issue 6A,Yes/For,6695
Eagle River Fire Protection District Ballot Issue 6A,No/Against,3643
Elbert County Commissioner - District 1,Mike Buck,16440
Elbert County Commissioner - District 3,Byron P. McDaniel,15506
Elbert County Question 1A,Yes/For,14398
Elbert County Question 1A,No/Against,4960
Eldorado Springs Public Improvement District Ballot Question 6C,Yes/For,148
Eldorado Springs Public Improvement District Ballot Question 6C,No/Against,13
Elizabeth Mayor,Angela Ternus,671
Elizabeth Mayor,Tammy Payne,624
Elizabeth Trustee Ward 1,Michael Schroder,216
Elizabeth Trustee Ward 1,Tracy J. Hutchins,190
Elizabeth Trustee Ward 1,Barbara McGinn,143
Elizabeth Trustee Ward 1,Anthony Malacrida,89
Elizabeth Trustee Ward 3,Dave Conley,293
Elizabeth Trustee Ward 3,Shannon Downs,242
Elizabeth Trustee Ward 3,Joe Belongia,232
El Paso County Commissioner - District 2,Carrie Geitner,52157
El Paso County Commissioner - District 2,"Bernard ""BJ"" Byers",28007
El Paso County Commissioner - District 2,Garfield Johnson ,59
El Paso County Commissioner - District 3,Bill Wysong,46259
El Paso County Commissioner - District 3,Naomi Lopez,38997
El Paso County Commissioner - District 4,Cory Applegate,29431
El Paso County Commissioner - District 4,Detra Duncan,19553
El Paso County Commissioner - District 4,Luis Ybarra Jr.,5002
El Paso County Court - Ankeny,Yes,189982
El Paso County Court - Ankeny,No,101546
El Paso County Court - Fennick,Yes,179777
El Paso County Court - Fennick,No,110961
El Paso County Court - Gerhart,Yes,192687
El Paso County Court - Gerhart,No,97423
El Paso County Court - Katzman,Yes,170506
El Paso County Court - Katzman,No,118618
El Paso County Court - McKedy,Yes,186979
El Paso County Court - McKedy,No,102544
El Paso County School District No. 20 (Academy) Ballot Issue 4B,Yes/For,41561
El Paso County School District No. 20 (Academy) Ballot Issue 4B,No/Against,30390
Fairmount Fire Protection District Ballot Issue 6B,Yes/For,4647
Fairmount Fire Protection District Ballot Issue 6B,No/Against,1989
Fairmount Fire Protection District Ballot Question 6C,Yes/For,5096
Fairmount Fire Protection District Ballot Question 6C,No/Against,1464
Flagler Rural Fire Protection District Ballot Issue 6C,Yes/For,332
Flagler Rural Fire Protection District Ballot Issue 6C,No/Against,253
Flying Horse Metropolitan District No. 2 Ballot Question 6C,Yes/For,2240
Flying Horse Metropolitan District No. 2 Ballot Question 6C,No/Against,607
Flying Horse Metropolitan District No. 3 Ballot Question 6D,Yes/For,292
Flying Horse Metropolitan District No. 3 Ballot Question 6D,No/Against,71
Foothills Park & Recreation District Ballot Issue 6D,Yes/For,44952
Foothills Park & Recreation District Ballot Issue 6D,No/Against,14500
Fremont County Board of County Commissioners - District 1,Kevin J. Grantham,19613
Fremont County Board of County Commissioners - District 3,Dwayne McFall,17173
Fremont County Board of County Commissioners - District 3,"Liane ""Buffie"" McFadyen",7364
Fremont County Surveyor,Miles Small,320
Frenchman School District No. RE-3 Referred Ballot Issue 4D,No/Against,326
Frenchman School District No. RE-3 Referred Ballot Issue 4D,Yes/For,267
Funding Poncha Springs Law Enforcement And Parks And Recreation,No/Against,507
Funding Poncha Springs Law Enforcement And Parks And Recreation,Yes/For,467
Garfield County Court - Roff,Yes,12261
Garfield County Court - Roff,No,11857
Gilpin County Commissioner - District 1,Jeff Aiken,1867
Gilpin County Commissioner - District 1,Marie Mornis,1650
Gilpin County Commissioner - District 1,Jeremy Fey,492
Gilpin County Commissioner - District 3,Sandy Hollingsworth,2021
Gilpin County Commissioner - District 3,Corey Marshall,1914
Glenwood Springs Ballot Issue 2A  Tax increase for Streets,Yes/For,2345
Glenwood Springs Ballot Issue 2A  Tax increase for Streets,No/Against,2254
Granby Ranch Metropolitan District Ballot Issue 6A - Repeal Unused Debt Authorization,Yes/For,236
Granby Ranch Metropolitan District Ballot Issue 6A - Repeal Unused Debt Authorization,No/Against,35
Grand County Ballot Issue 1A - Lodging Tax Increase,Yes/For,5602
Grand County Ballot Issue 1A - Lodging Tax Increase,No/Against,3798
Grand County Commissioner - District 1,Ed Raegner,5518
Grand County Commissioner - District 1,Meara McQuain,4063
Grand County Commissioner - District 2,Merrit S Linke,5423
Grand County Commissioner - District 2,Shanna Ganne,4077
Gunnison County Commissioner - District 1,Liz Smith,6583
Gunnison County Commissioner - District 1,Lisa Henry,3861
Gunnison County Commissioner - District 2,Jonathan Houck,6554
Gunnison County Commissioner - District 2,Steve Bathje,3962
Gunnison County Library District Ballot Issue 6A,No/Against,6096
Gunnison County Library District Ballot Issue 6A,Yes/For,4413
Harrison School District No. 2 Ballot Issue 4A,Yes/For,13461
Harrison School District No. 2 Ballot Issue 4A,No/Against,9919
Hartsel Fire Protection District Ballot Issue 6A - Mill Levy Increase,Yes/For,1143
Hartsel Fire Protection District Ballot Issue 6A - Mill Levy Increase,No/Against,888
Hinsdale County Commissioner District 1,Greg Levine,351
Hinsdale County Commissioner District 1,Steve Ryals,247
Hinsdale County Commissioner District 3,Robert Hurd,449
Hinsdale County Coroner,Lori L Lawrence,485
Hinsdale County Sheriff,Denim Starnes,349
Hinsdale County Sheriff,Jordan Kaminski,189
Hinsdale County Sheriff,John-Thomas Stratton,42
Holyoke School District RE-1J Ballot Issue 5K - Bonds,Yes/For,782
Holyoke School District RE-1J Ballot Issue 5K - Bonds,No/Against,712
Homestead Public Improvement District of Boulder County Ballot Issue 6D,Yes/For,97
Homestead Public Improvement District of Boulder County Ballot Issue 6D,No/Against,64
Huerfano County Commissioner - District 1,Mitchell Wardell,2217
Huerfano County Commissioner - District 1,Dale Lyons,1589
Huerfano County Commissioner - District 1,Bruce Quintana,574
Huerfano County Commissioner - District 2,Jim Chamberlain,2181
Huerfano County Commissioner - District 2,Arica D. Andreatta,2141
Hyland Hills Park and Recreation District Ballot Issue No. 6B,Yes/For,26870
Hyland Hills Park and Recreation District Ballot Issue No. 6B,No/Against,18847
Increase in City Lodging Tax,Yes/For,43
Increase in City Lodging Tax,No/Against,19
Jackson County Commissioner Dist 2,"David H ""TY"" Wattenberg",668
Jackson County Commissioner Dist 3,Ronald F. Drinkwine,605
Jefferson County Ballot Issue 1A,Yes/For,197080
Jefferson County Ballot Issue 1A,No/Against,143819
Jefferson County Commissioner - District 1,Rachel Zenzinger,187135
Jefferson County Commissioner - District 1,Charlie Johnson,143569
Jefferson County Commissioner - District 1,Orion Schalhamer,7716
Jefferson County Commissioner - District 1,Eric Bodenstab,3522
Jefferson County Commissioner - District 2,Andy Kerr,188211
Jefferson County Commissioner - District 2,Natalie Menten,146801
Jefferson County Court- Burback,Yes,186407
Jefferson County Court- Burback,No,78300
Jefferson County Court-Carpenter,Yes,186496
Jefferson County Court-Carpenter,No,78149
Jefferson County Court-Goman,Yes,183088
Jefferson County Court-Goman,No,80211
Jefferson County Court-Peper,Yes,185153
Jefferson County Court-Peper,No,78722
Jefferson County Court-Wheeler,Yes,187375
Jefferson County Court-Wheeler,No,77147
Ken-Caryl Metropolitan District Ballot Issue 6F,No/Against,4661
Ken-Caryl Metropolitan District Ballot Issue 6F,Yes/For,2450
Kiowa County Ballot Issue 1A,No/Against,467
Kiowa County Ballot Issue 1A,Yes/For,367
Kiowa County Ballot Issue 1B - Lodging Tax,Yes/For,469
Kiowa County Ballot Issue 1B - Lodging Tax,No/Against,371
Kiowa County Commissioner - District 1,Michael C Lening,647
Kiowa County Commissioner - District 3,Donald E Oswald,596
Kiowa County Hospital District Ballot Question 6A,Yes/For,586
Kiowa County Hospital District Ballot Question 6A,No/Against,450
Kiowa County Public Library District Ballot Question 6B,Yes/For,633
Kiowa County Public Library District Ballot Question 6B,No/Against,213
Kiowa Mayor,Terry Howard,279
Kiowa School District C-2 Issue 4A,No/Against,1082
Kiowa School District C-2 Issue 4A,Yes/For,996
Kit Carson County Commissioner - District 1,Stan Hitchcock,3176
Kit Carson County Commissioner - District 3,Dave Hornung,3142
Lafayette Downtown Development Authority Ballot Issue 6B,Yes/For,226
Lafayette Downtown Development Authority Ballot Issue 6B,No/Against,61
Lafayette Downtown Development Authority Ballot Question 6A,Yes/For,237
Lafayette Downtown Development Authority Ballot Question 6A,No/Against,56
Lake County Assessor,Peleg Mark Wadsworth,2856
Lake County Commissioner District 1,Andrew Lee,2227
Lake County Commissioner District 1,Hal Edwards,1411
Lake County Commissioner District 2,Matt Bullock,1944
Lake County Commissioner District 2,Christian Luna-Leal,1651
Lake County Commissioner District 3,Elsa Tharp,1481
Lake County Commissioner District 3,Stephanie McBride,1201
Lake County Commissioner District 3,Tina Tekansik,1087
Lake County School District R-1 Ballot Issue 4A,Yes/For,2011
Lake County School District R-1 Ballot Issue 4A,No/Against,1760
La Plata County Ballot Issue 1A,Yes/For,15786
La Plata County Ballot Issue 1A,No/Against,6982
La Plata County Commissioner District 2,Marsha Porter-Norton ,22557
La Plata County Commissioner District 3,Matt Salka ,19130
La Plata County Commissioner District 3,Paul Richard Black,14947
La Plata County Treasurer,Moni Grushkin,21887
La Plata County Treasurer,Miles Walsh,41
Larimer County Ballot Issue 1A,No/Against,110946
Larimer County Ballot Issue 1A,Yes/For,103260
Larimer County Clerk and Recorder,Tina Harris,122241
Larimer County Clerk and Recorder,Wyatt Schwendeman-Curtis,89471
Larimer County Commissioner - District 2,Kristin Stephens,117309
Larimer County Commissioner - District 2,Erick Selgren,93412
Larimer County Commissioner - District 3,Jody Shadduck-McNally,116067
Larimer County Commissioner - District 3,"Ben ""Uncle Benny"" Aste",95680
Larimer County Court Judge - Ecton,Yes,108698
Larimer County Court Judge - Ecton,No,60784
Larimer County Court Judge - Lehman,Yes,125410
Larimer County Court Judge - Lehman,No,44755
Larimer County Fox Ridge Estates Public Improvement District No. 79 Ballot Issue 6E,Yes/For,22
Larimer County Fox Ridge Estates Public Improvement District No. 79 Ballot Issue 6E,No/Against,4
Larimer County Grayhawk Knolls Public Improvement District No. 43 Ballot Issue 6C,Yes/For,36
Larimer County Grayhawk Knolls Public Improvement District No. 43 Ballot Issue 6C,No/Against,17
Larimer County Poudre Overlook Public Improvement District No. 30 Ballot Issue 6A,Yes/For,135
Larimer County Poudre Overlook Public Improvement District No. 30 Ballot Issue 6A,No/Against,40
Larimer County Tanager Public Improvement District No. 72 Ballot Issue 6D,Yes/For,28
Larimer County Tanager Public Improvement District No. 72 Ballot Issue 6D,No/Against,5
Larimer County Vine Drive Public Improvement District No. 29 Ballot Issue 6B,Yes/For,49
Larimer County Vine Drive Public Improvement District No. 29 Ballot Issue 6B,No/Against,19
Las Animas County Commissioner District 1,Felix M. Lopez,5647
Las Animas County Commissioner District 2,"Robert ""Bob"" Lucero",4506
Las Animas County Commissioner District 2,Henry Solano,3020
Leadville Lake County Regional Housing Authority Ballot Issue 6A,Yes/For,2169
Leadville Lake County Regional Housing Authority Ballot Issue 6A,No/Against,1474
Lincoln County Commissioner - District 2,Terry Jaques,1755
Lincoln County Commissioner - District 2,Wendy A. Pottorff,745
Lincoln County Commissioner - District 3,Robert Safranek,1635
Lincoln County Commissioner - District 3,Ty Stogsdill,837
Logan County Commissioner - District 1,Michael John Brownell,8218
Logan County Commissioner - District 2,Jim Yahn,8318
Logan County Court Judge - Brammer,Yes,5054
Logan County Court Judge - Brammer,No,3854
Mesa County Ballot Issue 1A,No/Against,48999
Mesa County Ballot Issue 1A,Yes/For,37516
Mesa County Ballot Issue 1B,No/Against,49189
Mesa County Ballot Issue 1B,Yes/For,37706
Mesa County Commissioner - District 1,Cody Davis,58194
Mesa County Commissioner - District 1,Tom Acker,29773
Mesa County Commissioner - District 1,Farmer Jay Liu,43
Mesa County Commissioner - District 3,JJ Fletcher,65168
Mesa County Court Judge - Grattan III,Yes/For,50892
Mesa County Court Judge - Grattan III,No/Against,22895
Mesa County Valley School District 51 Ballot Issue 4A,Yes/For,51489
Mesa County Valley School District 51 Ballot Issue 4A,No/Against,33543
Mesa County Valley School District 51 Ballot Issue 4B,Yes/For,49722
Mesa County Valley School District 51 Ballot Issue 4B,No/Against,35072
Mineral County Commissioner - District 2,"Marvin Kirby Ward ""Zeke""",532
Mineral County Commissioner - District 3,Ramona M Weber,495
Mineral County Commissioner - District 3,Jason Trujillo,161
Moffat County Commissioner District 1,Tony Lee Bohrer,4830
Moffat County Commissioner District 1,Angela Marie Boss,1481
Moffat County Commissioner District 2,Melody Villard,5218
Montezuma Cortez RE-1 Ballot Issue 4-B,Yes/For,5018
Montezuma Cortez RE-1 Ballot Issue 4-B,No/Against,4347
Montezuma County Ballot Issue 1-A,No/Against,8237
Montezuma County Ballot Issue 1-A,Yes/For,6184
Montezuma County Commissioner District 2,J. Kent Lindsay,10116
Montezuma County Commissioner District 3,Gerald W. Koppenhafer,10414
Montrose County Commissioner - District 1,Scott F. Mijares,18157
Montrose County Commissioner - District 3,Ricki Dunlap,15008
Montrose County Commissioner - District 3,Trisha Murray,8886
Montrose County Court - Beckenhauer,Yes,13203
Montrose County Court - Beckenhauer,No,6852
Montrose County Court - Harvell,Yes,12597
Montrose County Court - Harvell,No,7514
Montrose School District RE-1J Ballot Issue 5A,No/Against,17411
Montrose School District RE-1J Ballot Issue 5A,Yes/For,6300
Morgan County Commissioner District 1,Kelvin Bernhardt,9577
Morgan County Commissioner District 1,Jodi Walker,3358
Morgan County Commissioner District 3,Tim Malone,10100
Morgan County Commissioner District 3,Scott Klinkhammer,2718
Mountain Shadows Metropolitan District Ballot Issue 6E,No/Against,646
Mountain Shadows Metropolitan District Ballot Issue 6E,Yes/For,408
Mt Crested Butte Town Council,Valeda Scribner,383
Mt Crested Butte Town Council,Nicholas Kempin,377
Mt Crested Butte Town Council,Bobbie Sferra,315
Mt Crested Butte Town Council,Bruce W. Nation,283
Mt Crested Butte Town Council,Peter Esselstyn,249
Mt Crested Butte Town Council,Dwayne Lehnertz,122
NORTH PARK SCHOOL DISTRICT R-1 BALLOT ISSUE 4A,No/Against,458
NORTH PARK SCHOOL DISTRICT R-1 BALLOT ISSUE 4A,Yes/For,352
North Range Metropolitan District No 2 Ballot Question 6I,Yes/For,1002
North Range Metropolitan District No 2 Ballot Question 6I,No/Against,335
North Range Metropolitan District No 2 Ballot Question 6J,Yes/For,984
North Range Metropolitan District No 2 Ballot Question 6J,No/Against,312
North Range Metropolitan District No 2 Ballot Question 6K,Yes/For,1017
North Range Metropolitan District No 2 Ballot Question 6K,No/Against,283
North Range Metropolitan District No 2 Ballot Question 6L,Yes/For,997
North Range Metropolitan District No 2 Ballot Question 6L,No/Against,331
Norwood Fire Protection District Ballot Issue 7A,Yes/For,891
Norwood Fire Protection District Ballot Issue 7A,No/Against,305
Norwood School District R-2J Issue 5B,No/Against,602
Norwood School District R-2J Issue 5B,Yes/For,513
Otero County Ballot Question 1A,Yes/For,6163
Otero County Ballot Question 1A,No/Against,2504
Otero County Commissioner District 1,Rob Oquist,7348
Otero County Commissioner District 3,Jim Baldwin,6877
Ouray County Commissioner - District 1,Lynn M. Padgett,2208
Ouray County Commissioner - District 1,Michael Perkovich,1797
Ouray County Commissioner - District 3,Jake Niece,2439
Ouray County Court - Thomasson,Yes,2395
Ouray County Court - Thomasson,No,682
Parachute Ballot Issue 2B Increase sales and use tax streets,No/Against,268
Parachute Ballot Issue 2B Increase sales and use tax streets,Yes/For,181
Park County Commissioner District 1,Amy Mitchell,6786
Park County Commissioner District 1,Robb Green,4970
Park County Commissioner District 2,Jason M Gemmer,6778
Park County Commissioner District 2,Jack Hansell,4900
Phillips County Commissioner - District 2,Garold Roberts,1896
Phillips County Commissioner - District 3,Tom Lee Timm,1900
Phillips County Court Judge - Killin,Yes,1814
Phillips County Court Judge - Killin,No,292
Phillips County Sheriff,Michael Beard,1641
Pitkin County Ballot Issue 1A: Affordable and Workforce Housing Mill Levy,Yes/For,6266
Pitkin County Ballot Issue 1A: Affordable and Workforce Housing Mill Levy,No/Against,4175
Pitkin County Ballot Issue 1B: County Solid Waste Center Bonds,Yes/For,8429
Pitkin County Ballot Issue 1B: County Solid Waste Center Bonds,No/Against,1698
Pitkin County Ballot Question 1C: BOCC Referred Home Rule Charter Amendment,Yes/For,7001
Pitkin County Ballot Question 1C: BOCC Referred Home Rule Charter Amendment,No/Against,3492
Pitkin County Ballot Question 200: Citizen Initiated Home Rule Charter Amendment,No/Against,6262
Pitkin County Ballot Question 200: Citizen Initiated Home Rule Charter Amendment,Yes/For,4188
Pitkin County Commissioner - District 3,Greg Poschman,7752
Pitkin County Commissioner - District 4,Jeffrey H. Woodruff,7418
Pitkin County Commissioner - District 5,Francie Jacober,6383
Pitkin County Commissioner - District 5,Toni Kronberg,2457
Pitkin County Court - Andrews,Yes,6730
Pitkin County Court - Andrews,No,1029
Polo Reserve Metropolitan District Ballot Issue 6A,No/Against,60
Polo Reserve Metropolitan District Ballot Issue 6A,Yes/For,39
Poudre School District R-1 Ballot Issue 4A,Yes/For,69844
Poudre School District R-1 Ballot Issue 4A,No/Against,52345
Presidential Electors,Kamala D. Harris / Tim Walz,1727200
Presidential Electors,Donald J. Trump / JD Vance,1376852
Presidential Electors,Robert F. Kennedy Jr. / Nicole Shanahan,35598
Presidential Electors,Chase Russell Oliver / Mike ter Maat,21426
Presidential Electors,Jill Stein / Rudolph Ware,17330
Presidential Electors,Cornel West / Melina Abdullah,5143
Presidential Electors,Randall Terry / Stephen E Broden,3522
Presidential Electors,Blake Huber / Andrea Denault,2196
Presidential Electors,Claudia De la Cruz / Karina Garcia,871
Presidential Electors,Peter Sonski / Lauren Onak,815
Presidential Electors,Chris Garrity / Cody Ballard,27
Presidential Electors,Shiva Ayyadurai / Crystal Ellis,13
Presidential Electors,Bill Frankel / Steve Jenkins,5
Presidential Electors,Brian Anthony Perry / Mark Sbani,2
Proposition 127 (STATUTORY),No/Against,1671115
Proposition 127 (STATUTORY),Yes/For,1381268
Proposition 128 (STATUTORY),Yes/For,1868470
Proposition 128 (STATUTORY),No/Against,1139745
Proposition 129 (STATUTORY),Yes/For,1571801
Proposition 129 (STATUTORY),No/Against,1407257
Proposition 130 (STATUTORY),Yes/For,1580875
Proposition 130 (STATUTORY),No/Against,1412940
Proposition 130 (STATUTORY) - Kit Carson,No/Against,1888
Proposition 130 (STATUTORY) - Kit Carson,Yes/For,1632
Proposition 131 (STATUTORY),No/Against,1594713
Proposition 131 (STATUTORY),Yes/For,1384310
Proposition JJ (STATUTORY),Yes/For,2339185
Proposition JJ (STATUTORY),No/Against,721053
Proposition KK (STATUTORY),Yes/For,1674256
Proposition KK (STATUTORY),No/Against,1405606
Prowers County Ballot Issue 1A,No/Against,3669
Prowers County Ballot Issue 1A,Yes/For,1305
Prowers County Commissioner - District 1,Ty Harmon,4202
Prowers County Commissioner - District 3,Roger Stagner,3747
Pueblo County Commissioner - District 1,Miles Lucero,34895
Pueblo County Commissioner - District 1,Steven Rodriguez,33335
Pueblo County Commissioner - District 1,"Epimenio ""Eppie"" Griego",14693
Pueblo County Commissioner - District 2,Paula McPheeters,42770
Pueblo County Commissioner - District 2,Daneya Esgar,39476
Pueblo County Court - Silva,Yes,45300
Pueblo County Court - Silva,No,29797
Pueblo County Court - Vellar,Yes,42373
Pueblo County Court - Vellar,No,30340
Pueblo County Rural 70 School District Ballot Issue 4A,No/Against,17330
Pueblo County Rural 70 School District Ballot Issue 4A,Yes/For,15541
Rangely School District RE-4 Ballot Issue 4A,Yes/For,743
Rangely School District RE-4 Ballot Issue 4A,No/Against,593
Regent of the University of Colorado - At Large,Elliott Hood,1477907
Regent of the University of Colorado - At Large,Eric Rinard,1362786
Regent of the University of Colorado - At Large,T.J. Cole,59569
Regent of the University of Colorado - At Large,Thomas Reasoner,29215
Regent of the University of Colorado - Congressional District 3,Ray Scott,213694
Regent of the University of Colorado - Congressional District 3,Robert B. Logan,160380
Regent of the University of Colorado - Congressional District 5,Ken Montera,203766
Regent of the University of Colorado - Congressional District 5,Axel Brown,142527
Regional Transportation District Ballot Issue 7A,Yes/For,1089137
Regional Transportation District Ballot Issue 7A,No/Against,440358
Regional Transportation District Ballot Question 7B,Yes/For,962
Regional Transportation District Ballot Question 7B,No/Against,895
Regional Transportation District Director - District A,Chris Nicholson,40361
Regional Transportation District Director - District A,Kiel Brunner,23849
Regional Transportation District Director - District A,Bob Dinegar,14583
Regional Transportation District Director - District D,Chris D Gutschenritter,36984
Regional Transportation District Director - District D,Barbara McManus,31064
Regional Transportation District Director - District E,Matt Larsen,44132
Regional Transportation District Director - District E,Scott Liva,12879
Regional Transportation District Director - District F,Kathleen Chandler,36200
Regional Transportation District Director - District F,Bernard P. Celestin,32330
Regional Transportation District Director - District G,Julien Bouquet,74539
Regional Transportation District Director - District H,Patrick O'Keefe,80986
Regional Transportation District Director - District I,Karen Benker,79042
Regional Transportation District Director - District M,Brett Paglieri,70895
Regional Transportation District Director - District M,"Richard ""Dick"" Shuster",589
Representative to the 119th United States Congress - District 1,Diana DeGette,264606
Representative to the 119th United States Congress - District 1,Valdamar Archuleta,74598
Representative to the 119th United States Congress - District 1,Critter Milton,4084
Representative to the 119th United States Congress - District 1,Daniel Lutz,2351
Representative to the 119th United States Congress - District 1,"Charles H ""Chuck"" Norris",88
Representative to the 119th United States Congress - District 1,John R. Johnson,8
Representative to the 119th United States Congress - District 2,Joe Neguse,284772
Representative to the 119th United States Congress - District 2,Marshall Dawson,120585
Representative to the 119th United States Congress - District 2,Gaylon Kent,5176
Representative to the 119th United States Congress - District 2,Cynthia Munhos de Aquino Sirianni,3742
Representative to the 119th United States Congress - District 2,Jan Kok,2345
Representative to the 119th United States Congress - District 2,Mike Watson,8
Representative to the 119th United States Congress - District 3,Jeff Hurd,201739
Representative to the 119th United States Congress - District 3,Adam Frisch,181756
Representative to the 119th United States Congress - District 3,James Wiley,10710
Representative to the 119th United States Congress - District 3,Adam Withrow,2713
Representative to the 119th United States Congress - District 4,Lauren Boebert,240209
Representative to the 119th United States Congress - District 4,Trisha Calvarese,188248
Representative to the 119th United States Congress - District 4,Hannah Goodman,11676
Representative to the 119th United States Congress - District 4,Frank Atwood,6233
Representative to the 119th United States Congress - District 4,Paul Noel Fiorino,1436
Representative to the 119th United States Congress - District 5,Jeff Crank,197906
Representative to the 119th United States Congress - District 5,River Gassen,147940
Representative to the 119th United States Congress - District 5,Michael Keith Vance,6455
Representative to the 119th United States Congress - District 5,Joseph Gaye,4093
Representative to the 119th United States Congress - District 5,Christopher Mitchell,4005
Representative to the 119th United States Congress - District 5,Christopher Sweat,1626
Representative to the 119th United States Congress - District 5,Marcus Murphy,4
Representative to the 119th United States Congress - District 6,Jason Crow,202657
Representative to the 119th United States Congress - District 6,John E. Fabbricatore,132156
Representative to the 119th United States Congress - District 6,John Kittleson,4826
Representative to the 119th United States Congress - District 6,Travis Nicks,4004
Representative to the 119th United States Congress - District 6,Brad Nickle,25
Representative to the 119th United States Congress - District 7,Brittany Pettersen,235679
Representative to the 119th United States Congress - District 7,Sergei Matveyuk,175270
Representative to the 119th United States Congress - District 7,Patrick Bohan,9697
Representative to the 119th United States Congress - District 7,Ron Tupa,5271
Representative to the 119th United States Congress - District 7,Patrick Flaherty,37
Representative to the 119th United States Congress - District 8,Gabe Evans,163316
Representative to the 119th United States Congress - District 8,Yadira Caraveo,160868
Representative to the 119th United States Congress - District 8,Chris Baum,5739
Representative to the 119th United States Congress - District 8,Susan Patricia Hall,3677
Representative to the 119th United States Congress - District 8,James K Treibert,7
Retain Revenue For Affordable Housing,Yes/For,7445
Retain Revenue For Affordable Housing,No/Against,5151
Rico Fire Protection District Ballot Question 6B,Yes/For,184
Rico Fire Protection District Ballot Question 6B,No/Against,16
Rio Blanco County Commissioner District 2,Jennifer O'Hearon,2736
Rio Blanco County Commissioner District 3,Callie H. Scritchfield,2993
Rio Grande County Commissioner District 1,Scott Deacon,4102
Rio Grande County Commissioner District 1,Kenny Sears,872
Rio Grande County Commissioner District 3,Gene W. Glover,4359
Rio Grande County Court - Stenger,Yes,3336
Rio Grande County Court - Stenger,No,1954
Routt County Commissioner - District 1,Angelica Salinas,8719
Routt County Commissioner - District 1,Brent A. Romick,7319
Routt County Commissioner - District 2,Tim Redmond,9675
Routt County Commissioner - District 2,Tracy Lawton,6020
Saguache County Commissioner District 1,Tom McCracken,1730
Saguache County Commissioner District 1,Marcus Weir,1522
Saguache County Commissioner District 2,Lynne Thompson,1635
Saguache County Commissioner District 2,Jason Ensz,1471
Saguache County Court - Schuenemann,Yes,1887
Saguache County Court - Schuenemann,No,776
San Miguel Authority for Regional Transportation (SMART) Ballot Issue 3A,Yes/For,2042
San Miguel Authority for Regional Transportation (SMART) Ballot Issue 3A,No/Against,1856
San Miguel County Ballot Question 1A,No/Against,2706
San Miguel County Ballot Question 1A,Yes/For,1710
San Miguel County Ballot Question 1B,Yes/For,2935
San Miguel County Ballot Question 1B,No/Against,1582
San Miguel County Clerk and Recorder,Michael Wyszynski,3561
San Miguel County Commissioner - District 1,Anne Brown,3624
San Miguel County Commissioner - District 3,Galena Gleason,3424
San Miguel County Commissioner - District 3,Candy Meehan,878
Second Creek Farm Metropolitan District No 2 Ballot Question 6C,Yes/For,159
Second Creek Farm Metropolitan District No 2 Ballot Question 6C,No/Against,59
Second Creek Farm Metropolitan District No 2 Ballot Question 6D,Yes/For,130
Second Creek Farm Metropolitan District No 2 Ballot Question 6D,No/Against,95
Second Creek Farm Metropolitan District No 2 Ballot Question 6E,Yes/For,113
Second Creek Farm Metropolitan District No 2 Ballot Question 6E,No/Against,110
Second Creek Farm Metropolitan District No 2 Ballot Question 6F,Yes/For,113
Second Creek Farm Metropolitan District No 2 Ballot Question 6F,No/Against,108
Second Creek Farm Metropolitan District No 2 Ballot Question 6G,Yes/For,127
Second Creek Farm Metropolitan District No 2 Ballot Question 6G,No/Against,95
Second Creek Farm Metropolitan District No 2 Ballot Question 6H,Yes/For,164
Second Creek Farm Metropolitan District No 2 Ballot Question 6H,No/Against,66
Sedgwick County Commissioner - District 2,John Fryar,1053
Sedgwick County Commissioner - District 3,Darin Tobin,703
Sedgwick County Commissioner - District 3,Howard McCormick,587
Sedgwick County Court - Landry,Yes,767
Sedgwick County Court - Landry,No,344
Sedgwick County Sheriff,Koby Quayle,1005
South Adams County Water and Sanitation District Ballot Issue No. 6A,Yes/For,20635
South Adams County Water and Sanitation District Ballot Issue No. 6A,No/Against,6877
Spring Canyon Ballot Issue 6B,Yes,29
Spring Canyon Ballot Issue 6B,No,19
State Board of Education Member - Congressional District 2,Kathy Gebhardt,299042
State Board of Education Member - Congressional District 2,Ethan Augreen,2004
State Board of Education Member - Congressional District 3,Sherri M Wright,217614
State Board of Education Member - Congressional District 3,Ellen Angeles,164264
State Board of Education Member - Congressional District 4,"Kristi ""KBB"" Burton Brown",263231
State Board of Education Member - Congressional District 4,Krista Holtzmann,171564
State Board of Education Member - Congressional District 8,Yazmin Navarro,168806
State Board of Education Member - Congressional District 8,Rhonda Solis,152768
State Representative - District 1,Barbara DeHaan,4
State Representative - District 1,Javier Mabrey,0
State Representative - District 1  ,Javier Mabrey,22104
State Representative - District 1  ,Barbara DeHaan,12029
State Representative - District 10,Junie Joseph,33818
State Representative - District 10,William B. DeOreo,6280
State Representative - District 11,Karen McCormick,31616
State Representative - District 11,Kathy Reeves,13986
State Representative - District 12,Kyle Brown,39682
State Representative - District 12,Mark Milliman,12152
State Representative - District 13,Julie McCluskie,30289
State Representative - District 13,Dave Williams,24611
State Representative - District 14,Rose Pugliese,34428
State Representative - District 14,"Katherine ""Kat"" Gayle",22299
State Representative - District 15,Scott Bottoms,26519
State Representative - District 15,Jeff K. Livingston,19214
State Representative - District 16,Rebecca Keltie,20640
State Representative - District 16,Steph Vigil,20633
State Representative - District 17,Regina English,14461
State Representative - District 17,Elizabeth Riggs,11423
State Representative - District 18,Amy T. Paschal,24778
State Representative - District 18,James R. Boelens Jr.,21509
State Representative - District 19,Dan Woog,28417
State Representative - District 19,Jillaire McMillan,28294
State Representative - District 2 ,Steven Woodrow,38829
State Representative - District 2 ,Michael F. DiManna,13501
State Representative - District 20,Jarvis Caldwell,39946
State Representative - District 20,Arik Dougherty,15579
State Representative - District 21,Mary Bradfield,17631
State Representative - District 21,Liz Rosenbaum,12644
State Representative - District 22,Ken deGraaf,25888
State Representative - District 22,Michael M. Pierson,17663
State Representative - District 22,Daniel Campana,2170
State Representative - District 23,Monica Irasema Duran,31853
State Representative - District 23,Cory Ohnesorge,18073
State Representative - District 24,Lisa Feret,30248
State Representative - District 24,Gwen Henderson,23160
State Representative - District 25,Tammy Story,31326
State Representative - District 25,George B. Mumma Jr,28790
State Representative - District 26,Meghan Lukens,27181
State Representative - District 26,Nathan Butler,20799
State Representative - District 27,Brianna Titone,30192
State Representative - District 27,Ed Cox,22976
State Representative - District 28,Sheila Lieder,26958
State Representative - District 28,Peter Boddie,24066
State Representative - District 29,Shannon Bird,30160
State Representative - District 29,Evan Shields Hunt,19409
State Representative - District 3,Meg Froelich,26047
State Representative - District 3,Mickey Neal,14618
State Representative - District 3,Marla Fernandez,14
State Representative - District 30,Rebekah Stewart,26647
State Representative - District 30,Ramey Johnson,16161
State Representative - District 31,"Jacqueline ""Jacque"" Phillips",17220
State Representative - District 31,Heidi Pitchforth,13608
State Representative - District 32,Manny Rutinel,22853
State Representative - District 33,William Lindstedt,31589
State Representative - District 33,Michael Martinez,22332
State Representative - District 34,Jenny Willford,21326
State Representative - District 34,Craig Sullivan,18863
State Representative - District 34,"Alexander ""Skinny"" Winkler",971
State Representative - District 34,Mark Bromley,952
State Representative - District 35,Lorena Garcia,19525
State Representative - District 35,Lee J Knoll,10689
State Representative - District 36,Michael Carter,21450
State Representative - District 36,Eric Mulder,8532
State Representative - District 37,Chad Clifford,31455
State Representative - District 37,Kevin Biehl,861
State Representative - District 38,Gretchen Jeannette Rydin,29574
State Representative - District 38,Jeffrey Patty,24621
State Representative - District 39,Brandi Bradley,36364
State Representative - District 39,Eric Brody,25305
State Representative - District 4 ,Cecelia Espenoza,32315
State Representative - District 4 ,Jack Daus,8623
State Representative - District 40,Naquetta Ricks,24078
State Representative - District 40,Darryl Gibbs,17030
State Representative - District 40,Allison Spink,1446
State Representative - District 41,Iman Jodeh,22118
State Representative - District 41,Rob McKenna,12735
State Representative - District 41,Keith Porter,1230
State Representative - District 42,Mandy Lindsay,18094
State Representative - District 43,Bob Marshall,27915
State Representative - District 43,Matt Burcham,26542
State Representative - District 44,Anthony Hartsook,30957
State Representative - District 44,Alyssa Nilemo,21833
State Representative - District 45,Max Brooks,35970
State Representative - District 45,Chad Cox,21801
State Representative - District 46,Tisha Mauro,23823
State Representative - District 46,Kim Swearingen,21746
State Representative - District 47,Ty S. Winter,29899
State Representative - District 47,Elizabeth Bulthuis,14580
State Representative - District 48,Carlos Barron,32520
State Representative - District 49,Lesley Smith,36642
State Representative - District 49,Steve Ferrante,20791
State Representative - District 5 ,Alex Valdez,32077
State Representative - District 5 ,Johnnie Wesley Johnson,8224
State Representative - District 50,Ryan Gonzalez,13233
State Representative - District 50,Mary Young,12670
State Representative - District 51,Ron Weinberg,28459
State Representative - District 51,Sarah McKeen,25627
State Representative - District 52,Yara Zokaie,31165
State Representative - District 52,Steve Yurash,18087
State Representative - District 53,Andy Boesenecker,31872
State Representative - District 53,Donna Walter,11479
State Representative - District 54,Matt Soper,41810
State Representative - District 55,Rick Taggart,36085
State Representative - District 56,Chris Richardson,42011
State Representative - District 56,Alessandra A. Navetta,13475
State Representative - District 57,Elizabeth Velasco,24602
State Representative - District 57,Caleb Waller,19494
State Representative - District 58,Larry Don Suckla,30168
State Representative - District 58,Kathleen Curry,25098
State Representative - District 59,Katie Stewart,27548
State Representative - District 59,Clark Craig,26399
State Representative - District 6 ,Sean Camacho,38250
State Representative - District 6 ,Kyle Witter,6978
State Representative - District 60,Stephanie Luck,36518
State Representative - District 60,Kathryn Green,15826
State Representative - District 61,Eliza Hamrick,32796
State Representative - District 62,Matthew Martinez,21050
State Representative - District 62,Carol Riggenbach,18109
State Representative - District 63,Dusty A Johnson,36930
State Representative - District 64,Ryan Armagost,34463
State Representative - District 64,Mark K Matthews,19810
State Representative - District 65,Lori Garcia Sander,38882
State Representative - District 65,Will Walters,23100
State Representative - District 7 ,Jennifer Bacon,22078
State Representative - District 7 ,Tom Swift,7206
State Representative - District 7 ,Raymon Anthony Doane,907
State Representative - District 7 ,Ben Pope,9
State Representative - District 8 ,Lindsay Gilchrist,39914
State Representative - District 8 ,Philip Borrelli,5932
State Representative - District 8 ,Jesse Lashawn Parris,992
State Representative - District 8 ,Sharron Pettiford,33
State Representative - District 9,Emily Sirota,7560
State Representative - District 9,Tom Cowhick,2607
State Representative - District 9 ,Emily Sirota,21969
State Representative - District 9 ,Tom Cowhick,7501
State Senator - District 10,Larry G. Liston,49884
State Senator - District 10,Ryan Howard Lucas,34351
State Senator - District 10,John C. Hjersman,3197
State Senator - District 12,Marc Snyder,36967
State Senator - District 12,Stan VanderWerf,35871
State Senator - District 12,John Michael Angle,2755
State Senator - District 13,Scott Bright,34045
State Senator - District 13,Matt Johnston,26060
State Senator - District 14,Cathy Kipp,58738
State Senator - District 14,Phoebe McWilliams,24085
State Senator - District 14,Jeffrey Brosius,3259
State Senator - District 16,Chris Kolker,53734
State Senator - District 16,Robyn Carnes,49301
State Senator - District 16,Bennett Rutledge,12
State Senator - District 17,Sonya Jaquez Lewis,63246
State Senator - District 17,Tom Van Lone,31481
State Senator - District 18,Judy Amabile,73022
State Senator - District 18,Gary Swing,7692
State Senator - District 19,Lindsey Daugherty,54898
State Senator - District 19,Sam Bandimere,40596
State Senator - District 19,Ryan VanGundy,2305
State Senator - District 2,Lisa Frizell,63181
State Senator - District 2,Jennifer Brady,38261
State Senator - District 2,Caryn Ann Harlos,2672
State Senator - District 21,Dafna Michaelson Jenet,33437
State Senator - District 21,Frederick Alfred Jr,31980
State Senator - District 23,Barb Kirkmeyer,75607
State Senator - District 23,Joseph Bobko,1731
State Senator - District 26,Jeff Bridges,48292
State Senator - District 26,Bob Lane,27755
State Senator - District 26,Meredith A. Ryan,1806
State Senator - District 28,Mike Weissman,35057
State Senator - District 28,Pedro Espinoza,20139
State Senator - District 29,Janet Buckner,45646
State Senator - District 31 ,Chris Hansen,75769
State Senator - District 31 ,David Aitken,14515
State Senator - District 33 ,James Coleman,56129
State Senator - District 33 ,Max Minnig,12452
State Senator - District 5,Marc Catlin,46307
State Senator - District 5,Cole Buerger,42355
State Senator - District 6,Cleave Alan Simpson,51921
State Senator - District 6,Vivian Smotherman,40766
Stratmoor Hills Fire Protection District Ballot Issue 6B,Yes/For,1514
Stratmoor Hills Fire Protection District Ballot Issue 6B,No/Against,953
St. Vrain and Left Hand Water Conservancy District Ballot Issue 7C,Yes/For,59412
St. Vrain and Left Hand Water Conservancy District Ballot Issue 7C,No/Against,11261
St. Vrain Valley School District RE-1J Ballot Issue 5C,Yes/For,81469
St. Vrain Valley School District RE-1J Ballot Issue 5C,No/Against,28773
Summit County Clerk and Recorder,Taryn Power,11829
Summit County Commissioner - District 1,Eric S. Mamula,10716
Summit County Commissioner - District 1,Allen Bacher,5896
Summit County Commissioner - District 2,Tamara Pogue,9778
Summit County Commissioner - District 2,Bob Cottrell,6558
Summit County Commissioner - District 3,Nina Waters,11404
Summit School District RE-1 Ballot Issue 4A,No/Against,9218
Summit School District RE-1 Ballot Issue 4A,Yes/For,6942
Teller County Ballot Question 1A,No/Against,8472
Teller County Ballot Question 1A,Yes/For,6751
Teller County Ballot Question 1B,No/Against,8870
Teller County Ballot Question 1B,Yes/For,6361
Teller County Commissioner District 1,Dan Williams,12155
Teller County Commissioner District 3,Erik Stone,11779
Teller County Treasurer,Krystal Brown,12185
Thompson School District R2-J Ballot Issue 5A,No/Against,46924
Thompson School District R2-J Ballot Issue 5A,Yes/For,34596
Thompson School District R2-J Ballot Issue 5B,No/Against,46887
Thompson School District R2-J Ballot Issue 5B,Yes/For,33388
Town Councilmember District 1,Ryan Hollingshead,4561
Town Councilmember District 1,Pam Gillies,1796
Town Councilmember District 2,Laura Cavey,4639
Town Councilmember District 2,William E. Tubbs,2258
Town Councilmember District 4,Mark Davis,3040
Town Councilmember District 4,Desiree LaFleur,2399
Town Councilmember District 6,Tim Dietz,5133
Town Councilmember District 6,Kevin McHugh,1770
Town Councilmember District 6,Karen KJ Lindberg Jefferson,1532
Town of Avon Ballot Issue 2C: Use Tax on New Construction to Fund Community Housing,Yes/For,1156
Town of Avon Ballot Issue 2C: Use Tax on New Construction to Fund Community Housing,No/Against,1018
Town of Avon - Council Member,Lindsay L. Hardy,1232
Town of Avon - Council Member,Gary Brooks,1108
Town of Avon - Council Member,Kevin Hyatt,985
Town of Avon - Council Member,Calyn Dean Rieger,645
Town of Castle Rock Ballot Issue 2A,Yes/For,26089
Town of Castle Rock Ballot Issue 2A,No/Against,21000
Town of Crook Referred Ballot Issue 2V,Yes/For,36
Town of Crook Referred Ballot Issue 2V,No/Against,31
Town of De Beque Ballot Question 2B,Yes/For,129
Town of De Beque Ballot Question 2B,No/Against,69
Town of Elizabeth Question 2B,Yes/For,763
Town of Elizabeth Question 2B,No/Against,675
Town of Erie Ballot Issue 3C,Yes/For,11566
Town of Erie Ballot Issue 3C,No/Against,10014
Town of Erie - Council Member District 1,Anil Pesaramelli,3988
Town of Erie - Council Member District 1,John Mortellaro,2652
Town of Erie - Council Member District 1,Andrew Sawusch,2633
Town of Erie - Council Member District 1,Richard Garcia,2187
Town of Erie - Council Member District 2,Dan Hoback,3208
Town of Erie - Council Member District 2,Brandon M. Bell,3049
Town of Erie - Council Member District 2,Ben Hemphill,2840
Town of Erie - Council Member District 2,Dan Maloit,2078
Town of Erie - Council Member District 3,Emily Baer,2885
Town of Erie - Council Member District 3,Brian O'Connor,2626
Town of Erie - Council Member District 3,Travis Pinz,1612
Town of Erie Mayor,Andrew Moore,10384
Town of Erie Mayor,Justin Brooks,9807
Town of Fowler Ballot Issue 2A,No/Against,491
Town of Fowler Ballot Issue 2A,Yes/For,141
Town of Fraser Ballot Question 2A,Yes/For,387
Town of Fraser Ballot Question 2A,No/Against,189
Town of Gilcrest Ballot Question 2P,No/Against,278
Town of Gilcrest Ballot Question 2P,Yes/For,96
Town of Gilcrest Mayor,Steve Nothem,36
Town of Gilcrest Trustee,Anna Garza,213
Town of Gilcrest Trustee,"Manuel ""Manny"" Agripino",207
Town of Gilcrest Trustee,Brandi R. Howard,180
Town of Gilcrest Trustee,Laura Fulton,175
Town of Granby Board of Trustees,Rebecca Quesada,642
Town of Granby Board of Trustees,Seth Stern,502
Town of Granby Board of Trustees,Chris Michalowski,491
Town of Granby Board of Trustees,James Easley,487
Town of Granby Board of Trustees,Devon Jarrell,395
Town of Granby Board of Trustees,Daniela Gosselova,213
Town of Granby Mayor,Joshua P. Hardy,711
Town of Granby Mayor,Jimmy Strickland,363
Town of Gypsum Ballot Issue 2A,No/Against,1978
Town of Gypsum Ballot Issue 2A,Yes/For,1612
Town of Hayden Councilmember,Danny Hayden,786
Town of Hayden Councilmember,Ryan Bell,727
Town of Hayden Councilmember,Camilla Haight,679
Town of Hayden Councilmember,Melinda Carlson,645
Town of Hayden Councilmember,Elaine Hicks,624
Town of Hayden Councilmember,Bob Reese,526
Town of Hayden Mayor,Ryan Banks,808
Town of Hot Sulphur Springs Ballot Issue 2B - Use Tax on Construction Materials,No/Against,332
Town of Hot Sulphur Springs Ballot Issue 2B - Use Tax on Construction Materials,Yes/For,78
Town of Hot Sulphur Springs Ballot Issue 2C - Town Lodging Tax,Yes/For,211
Town of Hot Sulphur Springs Ballot Issue 2C - Town Lodging Tax,No/Against,200
Town of Hot Sulphur Springs Trustee,Stacey Paulson,263
Town of Hot Sulphur Springs Trustee,Richard A. Gott,240
Town of Hot Sulphur Springs Trustee,Ann E. Stiefel,194
Town of Hot Sulphur Springs Trustee,Desiree G. Priest,142
Town of Hudson Ballot Issue 2F,No/Against,466
Town of Hudson Ballot Issue 2F,Yes/For,244
Town of Hudson Town Council,Don Post,370
Town of Hudson Town Council,Candace Nolf,310
Town of Hudson Town Council,Rachel E. Thwaites,279
Town of Hudson Town Council,Kerry L. Shaklee,275
Town of Keenesburg Board of Trustees,Mark L. Gum,526
Town of Keenesburg Board of Trustees,Terri L. Wallert,522
Town of Keenesburg Board of Trustees,Wendi Tyler,520
Town of Keenesburg Board of Trustees,Marcia Aden,499
Town of Keenesburg Board of Trustees,Wilbur H. Wafel,476
Town of Keenesburg Board of Trustees,Kenneth L. Gfeller,437
Town of Kersey Mayor,Nathan Roth,609
Town of Kersey Trustee,Brad Joens,395
Town of Kersey Trustee,Cody Meeker,373
Town of Kersey Trustee,Stan Sameshima,234
Town of Kersey Trustee,Karen Dusin,233
Town of Kersey Trustee,Gary Lagrimanta,212
Town of Kersey Trustee,Bill Cannon,158
Town of Kersey Trustee,Jeff Gross,132
Town of Kersey Trustee,Timothy Phippard,124
Town of Keystone Ballot Issue 2A,Yes/For,507
Town of Keystone Ballot Issue 2A,No/Against,223
Town of Keystone Ballot Issue 2B,Yes/For,568
Town of Keystone Ballot Issue 2B,No/Against,149
Town of Kiowa Issue 2A,No/Against,252
Town of Kiowa Issue 2A,Yes/For,129
Town of LaSalle Ballot Question 2K,Yes/For,817
Town of LaSalle Ballot Question 2K,No/Against,238
Town of LaSalle Mayor,Tony Asbury,500
Town of LaSalle Mayor,Kelly Dudal,242
Town of LaSalle Mayor,Samuel Lopez Jr.,228
Town of LaSalle Trustee,Mike Dale,502
Town of LaSalle Trustee,Tony Trevino,495
Town of LaSalle Trustee,Marleen Oakes,344
Town of LaSalle Trustee,Tyler D. Workman,279
Town of LaSalle Trustee,Marcus Gonzalez,267
Town of Log Lane Village Mayor,Naomi Zuniga,143
Town of Log Lane Village Mayor,Bill Thoresdale,96
Town of Log Lane Village Mayor,Charles (Tony) Freeman,93
Town of Log Lane Village Trustee,Melissa Smith,232
Town of Log Lane Village Trustee,Angela Vick,197
Town of Log Lane Village Trustee,Kagen Dismang,174
Town of Log Lane Village Trustee,Deli Whomble,172
Town of Lyons Ballot Question 2B,Yes/For,1174
Town of Lyons Ballot Question 2B,No/Against,291
Town of Mead Ballot Issue 2Q,No/Against,2039
Town of Mead Ballot Issue 2Q,Yes/For,1850
Town of Mead Ballot Question 2R,No/Against,2314
Town of Mead Ballot Question 2R,Yes/For,1583
Town of Mead Trustee,Brooke Babcock,1542
Town of Mead Trustee,Jeremiah R. Crane,1148
Town of Mead Trustee,Brad Hagen,1139
Town of Mead Trustee,Christopher Cartwright,1098
Town of Mead Trustee,Chris T. Parr,941
Town of Mead Trustee,Don Smith,771
Town of Mead Trustee,Wayne D. Tolliver,610
Town of Merino Referred Ballot Issue 2U,No/Against,93
Town of Merino Referred Ballot Issue 2U,Yes/For,51
Town of Minturn Ballot Issue 2B: Excise Tax Increase on Short Term Rental Lodging,Yes/For,416
Town of Minturn Ballot Issue 2B: Excise Tax Increase on Short Term Rental Lodging,No/Against,156
Town of Monument Ballot Issue 2A,No/Against,3841
Town of Monument Ballot Issue 2A,Yes/For,3469
Town of Monument Ballot Question 2B,Yes/For,5159
Town of Monument Ballot Question 2B,No/Against,2102
Town of Monument Councilmember At-Large - 4 Year Term,Jim Romanello,3128
Town of Monument Councilmember At-Large - 4 Year Term,Chad M. Smith,2826
Town of Monument Councilmember Residential District 1 - 4 Year Term,Laura Kronick,2072
Town of Monument Councilmember Residential District 2 - 4 Year Term,Kenneth W. Kimple,2114
Town of Monument Councilmember Residential District 2 - 4 Year Term,Marco P. Fiorito,1929
Town of Morrison Ballot Question 2F,Yes/For,146
Town of Morrison Ballot Question 2F,No/Against,47
Town of Morrison Trustee,John M. Leonard,123
Town of Morrison Trustee,Angela Bernhardt,120
Town of Morrison Trustee,Krista Paul Nash,113
Town of Morrison Trustee,Sean Forey,94
Town of Mountain View Ballot Question 2D,No/Against,173
Town of Mountain View Ballot Question 2D,Yes/For,128
Town of Mountain View Ballot Question 2E,Yes/For,207
Town of Mountain View Ballot Question 2E,No/Against,98
Town of Mt Crested Butte Ballot Issue 2A,Yes/For,467
Town of Mt Crested Butte Ballot Issue 2A,No/Against,208
Town of Oak Creek Ballot Question 2A,Yes/For,328
Town of Oak Creek Ballot Question 2A,No/Against,107
Town of Olathe Ballot Issue 2B: Public Safety Tax,No/Against,292
Town of Olathe Ballot Issue 2B: Public Safety Tax,Yes/For,173
Town of Palisade Ballot Issue 2A,No/Against,912
Town of Palisade Ballot Issue 2A,Yes/For,525
Town of Palmer Lake - Mayor,Glant E. Havenar,863
Town of Palmer Lake - Mayor,Shana Ball,821
Town of Palmer Lake - Trustee,Tim Caves,854
Town of Palmer Lake - Trustee,Amy Hutson,742
Town of Palmer Lake - Trustee,Atis O. Jurka,676
Town of Palmer Lake - Trustee,Alex Farr,543
Town of Palmer Lake - Trustee,Jacob Hansen,481
Town of Paonia Ballot Issue 2A,Yes/For,552
Town of Paonia Ballot Issue 2A,No/Against,371
Town of Parker Mayor,Joshua Rivero,16127
Town of Parker Mayor,Jeff Toborg,15664
Town of Rockvale - Board of Trustees,Paula K. Walker,254
Town of Rockvale - Board of Trustees,Wendell W. Helton,242
Town of Rockvale - Board of Trustees,Brandon Mehring,213
Town of Rockvale - Mayor,Justin Hart,245
Town of Rockvale - Mayor,Shelby Mehring (Swift),103
Town of Severance Ballot Issue 2A,No/Against,4408
Town of Severance Ballot Issue 2A,Yes/For,1926
Town of Snowmass Village Ballot Question 2D: Approve Workforce Housing Project Spending Limit,Yes/For,1052
Town of Snowmass Village Ballot Question 2D: Approve Workforce Housing Project Spending Limit,No/Against,680
Town of Snowmass Village - Mayor,Alyssa Shenk,879
Town of Snowmass Village - Mayor,Bill Madsen,772
Town of Snowmass Village - Town Council,Cecily DeAngelo,865
Town of Snowmass Village - Town Council,Thomas Fridstein,842
Town of Snowmass Village - Town Council,Art Burrows,726
Town of Snowmass Village - Town Council,Debbie Alcorta,357
Town of Springfield Ballot Issue 2A,No/Against,434
Town of Springfield Ballot Issue 2A,Yes/For,259
Town of Superior Ballot Issue 3B,Yes/For,4076
Town of Superior Ballot Issue 3B,No/Against,3505
Town of Superior - Trustee,Mike Foster,3519
Town of Superior - Trustee,Jason Serbu,3408
Town of Superior - Trustee,Heather Cracraft,3243
Town of Superior - Trustee,Sandie Hammerly,3228
Town of Superior - Trustee,Gregory D. Horowitz,2143
Town of Superior - Trustee,George A. Kupfner,828
Town of Superior - Trustee,Bob McCool,690
Town of Wellington Ballot Question 2K,No/Against,3575
Town of Wellington Ballot Question 2K,Yes/For,2413
Town of Wiggins Mayor,Chris Franzen,771
Town of Wiggins Trustee,Mike Seiber,673
Town of Wiggins Trustee,Steven Klecka,639
Town of Wiggins Trustee,Steven Perrott,565
Town of Wiggins Trustee,Berry Tomlinson,563
Town of Wiggins Trustee,Robert S. McKeighan,503
Town of Wiggins Trustee,Ashley Sidell,502
Ute Pass Regional Health Service District Ballot Issue 7A1,Yes/For,8133
Ute Pass Regional Health Service District Ballot Issue 7A1,No/Against,5710
Walsh Hospital District Ballot Issue 6A,No/Against,462
Walsh Hospital District Ballot Issue 6A,Yes/For,334
Washington County Commissioner - District 2,Brandy Ward,1672
Washington County Commissioner - District 2,Patrick Bryant McCall,972
Washington County Commissioner - District 3,Scott H. Ramey,2435
Weld County Commissioner - At-Large,Perry L. Buck,128421
Weld County Commissioner - District 1,Jason S. Maxey,41802
Weld County Commissioner - District 3,"Lynette ""Kilpatrick"" Peppler",35365
Weld County Council - District 1,Jeffery Reck,25180
Weld County Council - District 1,Trent Lane Leisy,15253
Weld County School District No. RE-7 Ballot Issue 4A Mill Levy Override,Yes/For,1678
Weld County School District No. RE-7 Ballot Issue 4A Mill Levy Override,No/Against,947
Weld County School District No. RE-7 Ballot Issue 4B Bonds,Yes/For,1657
Weld County School District No. RE-7 Ballot Issue 4B Bonds,No/Against,937
Weld County School District No. RE-9 Ballot Issue 4C Bonds,Yes/For,2379
Weld County School District No. RE-9 Ballot Issue 4C Bonds,No/Against,2320
Weld County School District RE-10J Ballot Issue 5D Bonds,No/Against,265
Weld County School District RE-10J Ballot Issue 5D Bonds,Yes/For,262
Weld County School District RE-3J Ballot Issue 5F Override,No/Against,4347
Weld County School District RE-3J Ballot Issue 5F Override,Yes/For,3599
Weld County School District RE-8 Ballot Issue 5G Override,No/Against,3925
Weld County School District RE-8 Ballot Issue 5G Override,Yes/For,3435
Weld County School District RE-8 Ballot Issue 5H Bonds,No/Against,3946
Weld County School District RE-8 Ballot Issue 5H Bonds,Yes/For,3339
Westminster Public Schools Ballot Issue 4C,Yes/For,19297
Westminster Public Schools Ballot Issue 4C,No/Against,7735
West Routt Fire District Ballot Issue 6A,No/Against,792
West Routt Fire District Ballot Issue 6A,Yes/For,690
Yuma County Commissioner - District 2,Scott Weaver,3534
Yuma County Commissioner - District 3,Mike Leerar,3716
Yuma County Court - Jones,Yes,3100
Yuma County Court - Jones,No,969
